{
  "height": 423.98563734290843,
  "tabOrder": 6000,
  "width": 327.46858168761219,
  "x": 552.67504488330337,
  "y": 296.01436265709157,
  "z": 6000
}