{
  "height": 560.54794520547955,
  "tabOrder": 9000,
  "width": 852.32876712328778,
  "x": 214.86555878177339,
  "y": 112,
  "z": 12000
}