{
  "height": 423.98563734290843,
  "tabOrder": 4000,
  "width": 376.87612208258525,
  "x": 887.03770197486529,
  "y": 296.01436265709157,
  "z": 4000
}