{
  "height": 280.359066427289,
  "tabOrder": 3000,
  "width": 665.278276481149,
  "x": 214.86535008976659,
  "y": 8.0430879712746854,
  "z": 3000
}