{
  "height": 560.54794520547955,
  "tabOrder": 2000,
  "width": 852.32876712328778,
  "x": 0,
  "y": 0,
  "z": 0
}