{
  "height": 423.98563734290843,
  "tabOrder": 2000,
  "width": 329.76660682226208,
  "x": 214.86535008976659,
  "y": 296.01436265709157,
  "z": 2000
}