{
  "height": 31.440141870252244,
  "tabOrder": 19002,
  "width": 383.78655938169982,
  "x": 104.07771101876605,
  "y": 686.26240702998859,
  "z": 13001
}