{
  "height": 46.666666666666671,
  "width": 194.16666666666669,
  "x": 213.33333333333334,
  "y": 8.3333333333333339,
  "z": 10000
}