{
  "name": "141441c65beb663cabc0",
  "layouts": [
    {
      "id": 0,
      "position": {
        "height": 704,
        "width": 1048.0876708841058,
        "x": 216.00126878372978,
        "y": 7.5227493790084239,
        "z": 0,
        "tabOrder": 5000
      }
    }
  ],
  "singleVisualGroup": {
    "displayName": "Layout grid",
    "groupMode": 0,
    "isHidden": true
  }
}