{
  "height": 704,
  "tabOrder": 1000,
  "width": 1048.0876708841058,
  "x": 216.00126878372978,
  "y": 7.5227493790084239,
  "z": 1000
}