{
  "name": "0ea72185adbf2cf8f4a0",
  "layouts": [
    {
      "id": 0,
      "position": {
        "x": 212.05479452054797,
        "y": 111.78082191780823,
        "z": 11000,
        "width": 852.32876712328778,
        "height": 560.54794520547955,
        "tabOrder": 8000
      }
    }
  ],
  "singleVisualGroup": {
    "displayName": "Connect dialog",
    "groupMode": 0,
    "isHidden": true
  }
}