{
  "height": 560.54794520547955,
  "tabOrder": 8000,
  "width": 852.32876712328778,
  "x": 212.05479452054797,
  "y": 111.78082191780823,
  "z": 11000
}