{
  "height": 88,
  "tabOrder": 15000,
  "width": 1048,
  "x": 0.010973936899858927,
  "y": 383.90136835509492,
  "z": 13000
}