{
  "height": 88,
  "tabOrder": 16000,
  "width": 1048,
  "x": 0.010973936899858927,
  "y": 479.90136835509492,
  "z": 12000
}