{
  "name": "9ede966aad97636ebc4f",
  "layouts": [
    {
      "id": 0,
      "position": {
        "height": 704,
        "width": 1048.0876708841058,
        "x": 216.83810176118737,
        "y": 8.0873245711739816,
        "z": 3000,
        "tabOrder": 1000
      }
    }
  ],
  "singleVisualGroup": {
    "displayName": "Layout grid",
    "groupMode": 0,
    "isHidden": true
  }
}