{
  "height": 704,
  "tabOrder": 1000,
  "width": 1048.0876708841058,
  "x": 216.83810176118737,
  "y": 8.0873245711739816,
  "z": 3000
}