{
  "height": 280.359066427289,
  "tabOrder": 5000,
  "width": 378.02513464991023,
  "x": 887.03770197486529,
  "y": 8.0430879712746854,
  "z": 5000
}