{
  "name": "632404511c856b6e50b4",
  "layouts": [
    {
      "id": 0,
      "position": {
        "height": 704,
        "width": 1048.0876708841058,
        "x": 216.00126878372978,
        "y": 7.5227493790084239,
        "z": 1000,
        "tabOrder": 1000
      }
    }
  ],
  "singleVisualGroup": {
    "displayName": "Layout grid",
    "groupMode": 0,
    "isHidden": true
  }
}