{
  "height": 85.833333333333343,
  "tabOrder": 2000,
  "width": 852.5,
  "x": 211.66666666666669,
  "y": 24.166666666666668,
  "z": 9000
}